"residence_city","default_risk_ratio"
"Bhubaneswar","0.40174672489082969432"
"Gwalior","0.35648148148148148148"
"Bettiah[33]","0.33132530120481927711"
"Kochi","0.30749354005167958656"
"Sikar","0.29581993569131832797"
"Purnia[26]","0.29032258064516129032"
"Buxar[37]","0.27877237851662404092"
"Mysore[7][8][9]","0.27758007117437722420"
"Barasat","0.27507163323782234957"
"Muzaffarnagar","0.27376425855513307985"
