"employment_duration","default_risk_ratio"
"0-2 years","0.15802618633164307879"
"3-5 years","0.12044215626892792247"
"> 5 years","0.12892666505477337400"
