"age_group","avg_income"
"18-25","5088321.186284782862"
"26-35","4888474.386174904072"
"36-45","5002477.887697238659"
"46-55","5114750.862239428231"
">55","4984942.163694547586"
