"age_group","default_risk_ratio"
"18-25","0.14565141460006985679"
"26-35","0.14225989347689135788"
"36-45","0.12210305719921104536"
"46-55","0.13323406789755807028"
"55+","0.12321672855188587063"
