"income_bracket","default_risk_ratio"
"10-15 Lakhs","0.12222939530880137723"
"5-10 Lakhs","0.14664082687338501292"
"<= 5 Lakhs","0.15076677952599083848"
"> 15 Lakhs","0.12826766875175053683"
