"experience_range","default_risk_ratio"
"0-5 years","0.14271742673959503025"
"6-10 years","0.12387378121528777718"
"> 10 years","0.12573306159797030321"
