"marital_status","default_risk_ratio"
"married","0.11018853179642473381"
"single","0.13222597283958869467"
